StartDate,EndDate,Status,IPAddress,Progress,Duration (in seconds),Finished,RecordedDate,ResponseId,RecipientLastName,RecipientFirstName,RecipientEmail,ExternalReference,LocationLatitude,LocationLongitude,DistributionChannel,UserLanguage,Q2,Q3,Q4,Q5,Q6,,Q7,Q8,Q8_5_TEXT,Q9,Q10,Q10_5_TEXT,Q11,Q14,Q14_6_TEXT,Q15,Q12,Q13,Q16,Q17,Q17_9_TEXT,Q18
Start Date,End Date,Response Type,IP Address,Progress,Duration (in seconds),Finished,Recorded Date,Response ID,Recipient Last Name,Recipient First Name,Recipient Email,External Data Reference,Location Latitude,Location Longitude,Distribution Channel,User Language,Which school are you from?,Which year are you currently in?,How career oriented are you?,Are you interested in the arts?,Why or why not?,Interested category,"Prior to SMU, were you in any arts CCA?","If your answer to the above question is yes, in which category does it fall under? - Q8","If your answer to the above question is yes, in which category does it fall under? - Others - Text",Were you ever actively involved in an arts CCA in SMU?,"If your answer to the above question is yes, in which category does it fall under? - Q10","If your answer to the above question is yes, in which category does it fall under? - Others - Text","Do you participate in any external art activities? (e.g. open dance classes, art jamming workshops, etc.)",Which of these categories of art interest you? - Selected Choice,Which of these categories of art interest you? - Others - Text,"How much do you support the local arts scene? (e.g. attending performing arts concerts, visiting art galleries, keeping up with artists, etc.)",How often do you visit SMU Connexion on a weekly basis?,Rate the arts scene in SMU.,Do you think SMU is currently doing enough for the local arts scene?,"When you think of a location in SMU that embodies/celebrates art, which location do you have in mind? - Selected Choice","When you think of a location in SMU that embodies/celebrates art, which location do you have in mind? - Others - Text",Will you be interested in a collaborative space for the arts?
"{""ImportId"":""startDate"",""timeZone"":""America/Denver""}","{""ImportId"":""endDate"",""timeZone"":""America/Denver""}","{""ImportId"":""status""}","{""ImportId"":""ipAddress""}","{""ImportId"":""progress""}","{""ImportId"":""duration""}","{""ImportId"":""finished""}","{""ImportId"":""recordedDate"",""timeZone"":""America/Denver""}","{""ImportId"":""_recordId""}","{""ImportId"":""recipientLastName""}","{""ImportId"":""recipientFirstName""}","{""ImportId"":""recipientEmail""}","{""ImportId"":""externalDataReference""}","{""ImportId"":""locationLatitude""}","{""ImportId"":""locationLongitude""}","{""ImportId"":""distributionChannel""}","{""ImportId"":""userLanguage""}","{""ImportId"":""QID2""}","{""ImportId"":""QID3""}","{""ImportId"":""QID4""}","{""ImportId"":""QID5""}","{""ImportId"":""QID6_TEXT""}",,"{""ImportId"":""QID7""}","{""ImportId"":""QID8""}","{""ImportId"":""QID8_5_TEXT""}","{""ImportId"":""QID9""}","{""ImportId"":""QID10""}","{""ImportId"":""QID10_5_TEXT""}","{""ImportId"":""QID11""}","{""ImportId"":""QID14""}","{""ImportId"":""QID14_6_TEXT""}","{""ImportId"":""QID15""}","{""ImportId"":""QID12""}","{""ImportId"":""QID13""}","{""ImportId"":""QID16""}","{""ImportId"":""QID17""}","{""ImportId"":""QID17_9_TEXT""}","{""ImportId"":""QID18""}"
3/3/2020 18:49,3/3/2020 19:20,IP Address,111.65.68.250,100,1836,TRUE,3/3/2020 19:20,R_WiW2hkyUlOvXA7n,,,,,1.292892456,103.8547058,anonymous,EN,School of Information Systems,Year 3,A lot,Might or might not,,,No,,,No,,,None at all,Visual,,A great deal,Never,Slightly good,Probably not,"T-Junction,SMUSA Hub",,Definitely yes
3/3/2020 19:40,3/3/2020 19:42,IP Address,137.132.217.15,100,113,TRUE,3/3/2020 19:42,R_1daHc4yVIxzAz6S,,,,,1.283493042,103.7849121,anonymous,EN,School of Information Systems,Year 4,I prioritise my career over everything,Probably yes,It is very therapeutic and an alternative outlet for me to express myself,Form of relaxation/self-expression,No,Others,,No,,,A moderate amount,Visual,,A lot,2-3 times a week,Slightly bad,Probably not,"T-Junction,Campus Green,Drama & Music Lab,Arts & Culture Club",,Definitely yes
3/3/2020 19:57,3/3/2020 19:58,IP Address,183.90.36.135,100,59,TRUE,3/3/2020 19:58,R_1gzPpQrzfTkwsOf,,,,,1.36390686,103.8370056,anonymous,EN,School of Information Systems,Year 2,A little,Definitely not,No interest no experience ,No interest or no exposure ,No,Others,None,No,,,None at all,Arts don't interest me at all,,None at all,2-3 times a week,Slightly good,Probably yes,T-Junction,,Probably yes
3/3/2020 19:57,3/3/2020 19:58,IP Address,202.161.55.23,100,65,TRUE,3/3/2020 19:58,R_2xK0hmLColUUkfp,,,,,1.36390686,103.8370056,anonymous,EN,Lee Kong Chian School of Business,Year 2,A lot,Probably yes,Arts is fun ,Interesting/Fun,Yes,Visual,,Yes,Visual,,None at all,Visual,,A little,2-3 times a week,Neither good nor bad,Probably yes,T-Junction,,Probably yes
3/3/2020 19:56,3/3/2020 19:59,IP Address,137.132.217.15,100,194,TRUE,3/3/2020 19:59,R_1gjfU9Zo6a3j38B,,,,,1.366699219,103.7999878,anonymous,EN,Lee Kong Chian School of Business,Year 2,A lot,Probably yes,ghfhgg,,No,Sculpture,,No,Music,,A moderate amount,Literature,,A moderate amount,2-3 times a week,Moderately bad,Probably yes,Drama & Music Lab,,Probably yes
3/3/2020 20:01,3/3/2020 20:02,IP Address,202.161.55.21,100,113,TRUE,3/3/2020 20:02,R_d1haI8hdLXna7m1,,,,,1.36390686,103.8370056,anonymous,EN,School of Accountancy,Year 2,A moderate amount,Probably yes,have been interested in the music and performing arts scene since young,Since young/CCA,Yes,Music,,Yes,Music,,A little,Music,,A moderate amount,Once a week,Neither good nor bad,Probably not,T-Junction,,Definitely yes
3/3/2020 20:01,3/3/2020 20:03,IP Address,119.56.101.199,100,114,TRUE,3/3/2020 20:03,R_2CppBcN2XuuqDDK,,,,,1.292892456,103.8547058,anonymous,EN,School of Information Systems,Year 1,A moderate amount,Might or might not,Please specify art,,No,,,No,,,None at all,Sculpture,,None at all,Never,Neither good nor bad,Probably not,Arts & Culture Club,,Probably not
3/3/2020 20:00,3/3/2020 20:04,IP Address,202.161.55.21,100,224,TRUE,3/3/2020 20:04,R_bdAunPrHciKCKnT,,,,,1.292098999,103.8482056,anonymous,EN,School of Accountancy,Year 1,A moderate amount,Probably yes,i iike the arts because they are more expressive and fluid compared to other things in my life. ,Form of relaxation/self-expression,No,Performance,,No,,,A little,Visual,,A moderate amount,2-3 times a week,Moderately good,Probably yes,"T-Junction,Campus Green",,Might or might not
3/3/2020 20:06,3/3/2020 20:09,IP Address,202.161.35.27,100,168,TRUE,3/3/2020 20:09,R_z0uGEdzYVec3TTr,,,,,1.355194092,103.8859863,anonymous,EN,School of Information Systems,Year 3,A moderate amount,Probably yes,arts have a calming effect on me,Form of relaxation/self-expression,Yes,Performance,,Yes,Performing,,A moderate amount,Performing,,A lot,2-3 times a week,Neither good nor bad,Might or might not,T-Junction,,Probably yes
3/3/2020 20:08,3/3/2020 20:10,IP Address,202.161.35.27,100,115,TRUE,3/3/2020 20:10,R_DSQYRnIRpDlQ4MN,,,,,1.355194092,103.8859863,anonymous,EN,School of Information Systems,Year 2,A moderate amount,Might or might not,my passion lies elsewhere!,No interest or no exposure ,No,,,No,,,None at all,Arts don't interest me at all,,A little,Once a week,Moderately good,Probably not,"T-Junction,Campus Green",,Probably not
3/3/2020 20:09,3/3/2020 20:11,IP Address,101.78.77.17,100,122,TRUE,3/3/2020 20:11,R_3Phjx42kOGQZHcU,,,,,1.43649292,103.780304,anonymous,EN,School of Information Systems,Year 2,A moderate amount,Might or might not,Not good in it,No interest or no exposure ,No,,,No,,,A little,Music,,A moderate amount,2-3 times a week,Moderately good,Probably yes,Campus Green,,Probably yes
3/3/2020 20:15,3/3/2020 20:16,IP Address,111.65.46.158,100,76,TRUE,3/3/2020 20:16,R_2QMY4dHTCuSVte7,,,,,1.359603882,103.8637085,anonymous,EN,School of Economics,Year 2,A moderate amount,Probably not,No reason i just dont,No interest or no exposure ,No,,,No,,,None at all,Music,,A moderate amount,2-3 times a week,Neither good nor bad,Probably not,"T-Junction,Drama & Music Lab,Arts & Culture Club",,Probably yes
3/3/2020 20:13,3/3/2020 20:17,IP Address,202.161.35.27,100,205,TRUE,3/3/2020 20:17,R_29moGLtGm5tCv9y,,,,,1.355194092,103.8859863,anonymous,EN,School of Information Systems,Year 3,A little,Probably yes,Used to be heavily involved in the arts type CCA,Since young/CCA,Yes,Music,,No,Others,NA,A little,Music,,A moderate amount,Once a week,Neither good nor bad,Definitely yes,T-Junction,,Might or might not
3/3/2020 20:31,3/3/2020 20:33,IP Address,202.161.35.27,100,113,TRUE,3/3/2020 20:33,R_2rPHZMY6vu5FK67,,,,,1.36390686,103.8370056,anonymous,EN,School of Information Systems,Year 1,A moderate amount,Probably not,Not praised,No interest or no exposure ,Yes,Performance,,No,,,None at all,Others,Painting,A lot,Once a week,Slightly good,Might or might not,Campus Green,,Probably yes
3/3/2020 20:48,3/3/2020 20:50,IP Address,183.90.37.253,100,133,TRUE,3/3/2020 20:50,R_W7InwRbcEkHvVuh,,,,,1.36390686,103.8370056,anonymous,EN,Lee Kong Chian School of Business,Year 2,A moderate amount,Might or might not,Interesting but cant really appreciate to the fullest also,Interesting/Fun,No,,,No,,,None at all,Performing,,None at all,Never,Slightly bad,Probably yes,Campus Green,,Probably yes
3/3/2020 20:53,3/3/2020 20:54,IP Address,119.56.107.14,100,71,TRUE,3/3/2020 20:54,R_6QLmBF7kkq8GE7L,,,,,1.359603882,103.8637085,anonymous,EN,School of Social Sciences,Year 3,A moderate amount,Might or might not,Not good in it ,No talent,No,,,No,,,None at all,Music,,A little,2-3 times a week,Moderately good,Probably yes,T-Junction,,Might or might not
3/3/2020 20:38,3/3/2020 20:56,IP Address,202.161.35.27,100,1080,TRUE,3/3/2020 20:56,R_2vcAfq1OJbycTwN,,,,,1.36390686,103.8370056,anonymous,EN,School of Information Systems,Year 3,A lot,Probably not,Does not really interest me ,No interest or no exposure ,No,,,No,,,None at all,Visual,,A moderate amount,Once a week,Slightly good,Probably not,"T-Junction,SMUSA Hub,Campus Green",,Definitely yes
3/3/2020 20:55,3/3/2020 20:57,IP Address,202.161.35.29,100,106,TRUE,3/3/2020 20:57,R_3freup5aG2mOv6a,,,,,1.355194092,103.8859863,anonymous,EN,School of Social Sciences,Year 3,A lot,Definitely yes,Actively involved in the arts and came from an arts background,Since young/CCA,Yes,Visual,,No,,,A moderate amount,Visual,,A lot,Never,Neither good nor bad,Probably not,"T-Junction,Campus Green",,Probably yes
3/3/2020 20:59,3/3/2020 21:01,IP Address,202.161.55.21,100,133,TRUE,3/3/2020 21:01,R_pgVBMjzNQ3zA4G5,,,,,1.292098999,103.8482056,anonymous,EN,School of Accountancy,Year 3,A moderate amount,Probably yes,A way of expressing oneself,Form of relaxation/self-expression,No,Others,,Yes,Music,,A great deal,Music,,A little,Never,Neither good nor bad,Probably not,T-Junction,,Probably not
3/3/2020 21:06,3/3/2020 21:08,IP Address,202.161.35.28,100,113,TRUE,3/3/2020 21:08,R_3O1tkN7aGtKsGKI,,,,,1.355194092,103.8859863,anonymous,EN,School of Economics,Year 3,A moderate amount,Definitely not,Not my interest or strength ,No interest or no exposure ,No,,,No,,,None at all,Music,,A moderate amount,2-3 times a week,Moderately good,Probably yes,T-Junction,,Probably not
3/3/2020 21:13,3/3/2020 21:14,IP Address,218.212.31.239,100,89,TRUE,3/3/2020 21:14,R_eyOLK35QEa6dSAF,,,,,1.348007202,103.703186,anonymous,EN,School of Social Sciences,Year 1,A little,Definitely not,I am more of a sports person ,No interest or no exposure ,Yes,Music,,No,,,None at all,Music,,A moderate amount,Never,Neither good nor bad,Might or might not,"T-Junction,Campus Green,SOE Fishtanks",,Probably not
3/3/2020 21:10,3/3/2020 21:15,IP Address,202.161.35.28,100,306,TRUE,3/3/2020 21:15,R_1Le30UTRYwYFKBy,,,,,1.355194092,103.8859863,anonymous,EN,School of Economics,Year 3,A lot,Probably yes,Art is interesting ,Interesting/Fun,Yes,Performance,,No,,,None at all,Performing,,A moderate amount,Never,Slightly good,Probably not,"T-Junction,Campus Green,Arts & Culture Club",,Probably yes
3/3/2020 21:13,3/3/2020 21:16,IP Address,202.161.35.29,100,170,TRUE,3/3/2020 21:16,R_umJBZYWBDFwS1Jn,,,,,1.36390686,103.8370056,anonymous,EN,School of Social Sciences,Year 2,A moderate amount,Probably yes,"I love to sing, and I used to draw a lot when I was younger. ",Interesting/Fun,Yes,Music,,Yes,Music,,None at all,Music,,A moderate amount,Never,Slightly good,Probably not,"T-Junction,Campus Green,Drama & Music Lab",,Probably yes
3/3/2020 21:17,3/3/2020 21:23,IP Address,202.161.55.23,100,319,TRUE,3/3/2020 21:23,R_1jdCFeGawQqP8BG,,,,,1.292098999,103.8482056,anonymous,EN,Lee Kong Chian School of Business,Year 2,A lot,Probably not,Never had the talent to appreciate any form of art.,No talent,No,,,No,,,None at all,Arts don't interest me at all,,A little,4-7 times a week,Moderately good,Probably not,SMUSA Hub,,Probably not
3/3/2020 21:24,3/3/2020 21:25,IP Address,202.161.55.21,100,62,TRUE,3/3/2020 21:25,R_WAtdSSCmkkqMP4d,,,,,1.305099487,103.8435059,anonymous,EN,School of Accountancy,Year 1,A moderate amount,Probably not,Do not really have any interest in it,No interest or no exposure ,Yes,Performance,,No,,,None at all,Music,,None at all,Once a week,Slightly good,Might or might not,"T-Junction,Arts & Culture Club",,Probably yes
3/3/2020 21:25,3/3/2020 21:32,IP Address,42.60.119.59,100,384,TRUE,3/3/2020 21:32,R_3JzaoHLZWCVedaX,,,,,1.36390686,103.8370056,anonymous,EN,School of Information Systems,Year 2,A moderate amount,Probably yes,,,Yes,Music,,No,,,None at all,Music,,A great deal,2-3 times a week,Moderately good,Probably not,"T-Junction,SMUSA Hub,Campus Green,Drama & Music Lab,Arts & Culture Club",,Probably yes
3/3/2020 21:56,3/3/2020 21:58,IP Address,202.161.55.23,100,114,TRUE,3/3/2020 21:58,R_2aJPFNAfIV5Dv65,,,,,1.292098999,103.8482056,anonymous,EN,Lee Kong Chian School of Business,Year 2,A moderate amount,Definitely not,No talent in arts,No talent,No,,,No,,,None at all,Music,,A little,Once a week,Neither good nor bad,Might or might not,"Connexion,Arts & Culture Club",,Probably not
3/3/2020 21:54,3/3/2020 22:00,IP Address,202.161.35.27,100,333,TRUE,3/3/2020 22:00,R_9sn2xBYLGt4uwSJ,,,,,1.355194092,103.8859863,anonymous,EN,School of Information Systems,Year 2,A lot,Definitely yes,I came from SOTA,Since young/CCA,Yes,Visual,,No,,,A little,Visual,,A lot,4-7 times a week,Moderately bad,Might or might not,T-Junction,,Definitely yes
3/3/2020 21:59,3/3/2020 22:01,IP Address,202.161.35.27,100,119,TRUE,3/3/2020 22:01,R_1hGsuqPv1Y0uWBu,,,,,1.36390686,103.8370056,anonymous,EN,School of Information Systems,Year 1,A moderate amount,Probably yes,something that interests me besides studies and cca ,Interesting/Fun,Yes,Performance,,No,,,None at all,Music,,A little,Once a week,Neither good nor bad,Might or might not,"T-Junction,SOE Fishtanks,Drama & Music Lab,Arts & Culture Club",,Might or might not
3/3/2020 21:59,3/3/2020 22:02,IP Address,202.161.35.28,100,139,TRUE,3/3/2020 22:02,R_3p8S7LOCcpI6qnA,,,,,1.36390686,103.8370056,anonymous,EN,School of Economics,Year 3,A little,Probably yes,"Fun, interesting, adds a little oomph into your life, refined, classy",Interesting/Fun,No,,,No,,,A little,Performing,,A lot,Never,Slightly bad,Probably not,Others,the gallery thing at SOE,Probably not
3/3/2020 22:01,3/3/2020 22:02,IP Address,202.161.55.23,100,73,TRUE,3/3/2020 22:02,R_3Rr9MbP9Gxn61Tw,,,,,1.292098999,103.8482056,anonymous,EN,Lee Kong Chian School of Business,Year 3,A moderate amount,Probably yes,Nice,Interesting/Fun,No,Visual,,No,,,None at all,Visual,,A lot,2-3 times a week,Slightly bad,Probably not,T-Junction,,Probably not
3/3/2020 22:02,3/3/2020 22:03,IP Address,202.161.35.28,100,55,TRUE,3/3/2020 22:03,R_798RaroXeeLtsQx,,,,,1.355194092,103.8859863,anonymous,EN,School of Economics,Year 2,A little,Probably not,,,Yes,Music,,No,,,A little,Music,,A little,Never,Extremely bad,Definitely yes,None,,Definitely not
3/3/2020 21:58,3/3/2020 22:08,IP Address,202.161.35.29,100,581,TRUE,3/3/2020 22:08,R_1IN7B8dgFuhWdHU,,,,,1.355194092,103.8859863,anonymous,EN,School of Social Sciences,Year 2,A moderate amount,Probably yes,its a good way to learn about different perspectives on life and good form of entertainment,Interesting/Fun,Yes,Music,,Yes,Music,,A little,Sculpture,,A lot,Once a week,Neither good nor bad,Might or might not,"T-Junction,Campus Green,Drama & Music Lab",,Probably yes
3/3/2020 22:09,3/3/2020 22:11,IP Address,119.56.107.123,100,118,TRUE,3/3/2020 22:11,R_3Q0y26AOSdrp8TT,,,,,1.397903442,103.8728943,anonymous,EN,School of Social Sciences,Year 2,A moderate amount,Probably yes,It's interesting and i've never been able to do anything artistic before ):,Interesting/Fun,No,Others,Nil,No,Others,Nil,None at all,Performing,,A lot,Once a week,Slightly good,Definitely not,T-Junction,,Definitely yes
3/3/2020 22:12,3/3/2020 22:13,IP Address,202.161.35.27,100,63,TRUE,3/3/2020 22:13,R_271ii9i09DEjC1t,,,,,1.36390686,103.8370056,anonymous,EN,School of Information Systems,Year 2,A lot,Probably yes,,,No,,,Yes,,,None at all,Music,,A moderate amount,2-3 times a week,Neither good nor bad,Might or might not,T-Junction,,Might or might not
3/3/2020 22:13,3/3/2020 22:14,IP Address,119.56.99.253,100,53,TRUE,3/3/2020 22:14,R_2YCVtgkmWRDZIpS,,,,,1.36390686,103.8370056,anonymous,EN,Lee Kong Chian School of Business,Year 2,A moderate amount,Probably not,Not a priority ,No talent,No,,,No,,,None at all,Literature,,A moderate amount,4-7 times a week,Slightly good,Might or might not,Arts & Culture Club,,Might or might not
3/3/2020 22:15,3/3/2020 22:19,IP Address,202.161.55.23,100,252,TRUE,3/3/2020 22:19,R_3Lhwrs78RdLIdOu,,,,,1.305099487,103.8435059,anonymous,EN,Lee Kong Chian School of Business,Year 2,A moderate amount,Probably yes,I think it is quite interesting and cool!,Interesting/Fun,No,,,No,,,None at all,Music,,A moderate amount,Once a week,Slightly good,Probably not,T-Junction,,Might or might not
3/3/2020 22:32,3/3/2020 22:34,IP Address,49.245.65.25,100,101,TRUE,3/3/2020 22:34,R_3OBzMialiMWug6d,,,,,1.32220459,103.842804,anonymous,EN,School of Social Sciences,Year 3,A moderate amount,Definitely yes,arts school,Since young/CCA,Yes,Visual,,No,,,None at all,Visual,,A little,Never,Moderately bad,Definitely not,None,,Probably yes
3/3/2020 22:35,3/3/2020 22:36,IP Address,202.161.55.23,100,68,TRUE,3/3/2020 22:36,R_ZI8NaugUebhAwoh,,,,,1.292098999,103.8482056,anonymous,EN,Lee Kong Chian School of Business,Year 2,A moderate amount,Definitely yes,I am a musician,Since young/CCA,Yes,Music,,Yes,Music,,A lot,Music,,A lot,2-3 times a week,Neither good nor bad,Might or might not,None,,Definitely yes
3/3/2020 22:41,3/3/2020 22:43,IP Address,202.161.35.27,100,142,TRUE,3/3/2020 22:43,R_XojLLTqSjCMAs4F,,,,,1.355194092,103.8859863,anonymous,EN,School of Information Systems,Year 2,A moderate amount,Might or might not,It plays a part in my daily life,Since young/CCA,Yes,Performance,,Yes,Performing,,None at all,Music,,A little,Once a week,Moderately good,Probably yes,Drama & Music Lab,,Might or might not
3/3/2020 23:07,3/3/2020 23:09,IP Address,202.161.55.23,100,107,TRUE,3/3/2020 23:09,R_3fkGfO4BeFNhi2n,,,,,1.292098999,103.8482056,anonymous,EN,Lee Kong Chian School of Business,Year 3,A moderate amount,Probably not,Haven't been exposed to the arts since I was young,No talent,No,,,No,,,None at all,Visual,,A moderate amount,Once a week,Neither good nor bad,Might or might not,Arts & Culture Club,,Probably not
3/3/2020 23:20,3/3/2020 23:24,IP Address,183.90.37.165,100,217,TRUE,3/3/2020 23:24,R_2t8YawWNgv8wN3h,,,,,1.36390686,103.8370056,anonymous,EN,School of Economics,Year 2,A moderate amount,Probably not,It’s nice to like at but I found that I do not have any talent/skill in the field,Interesting/Fun,No,,,Yes,Others,Both performing and music,None at all,Visual,,A moderate amount,Once a week,Slightly good,Probably not,Campus Green,,Might or might not
4/3/2020 0:35,4/3/2020 0:37,IP Address,202.161.35.27,100,153,TRUE,4/3/2020 0:37,R_2bIT0cgl9cwDIDG,,,,,1.355194092,103.8859863,anonymous,EN,School of Information Systems,Year 2,A lot,Might or might not,only if the art interests me,Interesting/Fun,No,,,Yes,Performing,,None at all,Visual,,A moderate amount,Once a week,Slightly good,Probably not,"Campus Green,Drama & Music Lab,Arts & Culture Club",,Probably yes
4/3/2020 0:40,4/3/2020 0:41,IP Address,218.212.95.133,100,79,TRUE,4/3/2020 0:41,R_1FbS8LDan1hjOhk,,,,,1.348007202,103.703186,anonymous,EN,School of Information Systems,Year 2,A moderate amount,Probably yes,"Interesting, I get to express myself",Interesting/Fun,Yes,Visual,,Yes,Performing,,A moderate amount,"Visual,Performing,Music,Sculpture",,A moderate amount,Once a week,Moderately good,Probably yes,"T-Junction,Campus Green,SOE Fishtanks,Drama & Music Lab,Arts & Culture Club",,Definitely yes
4/3/2020 0:40,4/3/2020 0:41,IP Address,202.161.55.23,100,64,TRUE,4/3/2020 0:41,R_6WOGVUonYphQk1j,,,,,1.305099487,103.8435059,anonymous,EN,Lee Kong Chian School of Business,Year 2,A moderate amount,Probably yes,im a creative person,Form of relaxation/self-expression,Yes,Music,,Yes,Performing,,None at all,Performing,,None at all,Once a week,Moderately good,Probably not,"T-Junction,Campus Green,Drama & Music Lab,Arts & Culture Club",,Probably yes
4/3/2020 0:40,4/3/2020 0:41,IP Address,183.90.37.172,100,70,TRUE,4/3/2020 0:41,R_22Mub0isLY408WI,,,,,1.36390686,103.8370056,anonymous,EN,Lee Kong Chian School of Business,Year 2,A moderate amount,Probably yes,Nil,,Yes,Performance,,Yes,Music,,None at all,"Performing,Music",,A moderate amount,2-3 times a week,Slightly bad,Probably yes,"T-Junction,Campus Green,Drama & Music Lab,Arts & Culture Club",,Probably yes
4/3/2020 0:41,4/3/2020 0:42,IP Address,121.6.234.73,100,97,TRUE,4/3/2020 0:42,R_XwjFbXcWriMPeGB,,,,,1.381896973,103.765686,anonymous,EN,Lee Kong Chian School of Business,Year 1,A moderate amount,Might or might not,"Not my field of study, it is hard to make it in the Arts Scene in SG",No talent,No,,,Yes,Music,,None at all,"Visual,Music,Others",Photography,A little,2-3 times a week,Neither good nor bad,Probably yes,"T-Junction,Drama & Music Lab,Arts & Culture Club",,Might or might not
4/3/2020 0:42,4/3/2020 0:43,IP Address,182.55.224.13,100,87,TRUE,4/3/2020 0:43,R_1kIbyaF4nBhSh5o,,,,,1.369003296,103.8826904,anonymous,EN,Lee Kong Chian School of Business,Year 1,A moderate amount,Probably yes,Art is my passion,Form of relaxation/self-expression,Yes,Music,,Yes,Music,,A little,"Visual,Performing,Music",,A moderate amount,2-3 times a week,Slightly good,Probably not,"Drama & Music Lab,Arts & Culture Club",,Might or might not
4/3/2020 0:42,4/3/2020 0:44,IP Address,111.65.68.133,100,136,TRUE,4/3/2020 0:44,R_2CNQVzrx1vaNAl8,,,,,1.292892456,103.8547058,anonymous,EN,School of Social Sciences,Year 2,A little,Definitely yes,"Amongst the mundanity of the routine work we do from day to day, Art is one way I can escape",Form of relaxation/self-expression,Yes,Music,,Yes,Performing,,A little,Sculpture,,A little,2-3 times a week,Neither good nor bad,Probably yes,Arts & Culture Club,,Probably yes
4/3/2020 0:44,4/3/2020 0:45,IP Address,202.161.35.29,100,58,TRUE,4/3/2020 0:45,R_1P7TH8t3O9CYlWF,,,,,1.355194092,103.8859863,anonymous,EN,School of Social Sciences,Year 1,A little,Definitely yes,been in touch with arts since a young age,Since young/CCA,Yes,Performance,,Yes,Performing,,A lot,"Performing,Music",,A moderate amount,2-3 times a week,Moderately good,Might or might not,"T-Junction,SMUSA Hub,SOE Fishtanks,Drama & Music Lab,Arts & Culture Club",,Probably yes
4/3/2020 0:47,4/3/2020 0:49,IP Address,202.161.35.27,100,126,TRUE,4/3/2020 0:49,R_2rxcPVVOKMvARem,,,,,1.355194092,103.8859863,anonymous,EN,School of Information Systems,Year 2,A lot,Might or might not,,,No,,,Yes,Music,,A little,Music,,None at all,2-3 times a week,Slightly good,Probably not,"T-Junction,Drama & Music Lab,Arts & Culture Club",,Probably yes
4/3/2020 0:50,4/3/2020 0:51,IP Address,202.161.55.21,100,76,TRUE,4/3/2020 0:51,R_2PuHFJbAUcg2rSq,,,,,1.292098999,103.8482056,anonymous,EN,School of Accountancy,Year 1,A moderate amount,Might or might not,More into sports for the time being,No interest or no exposure ,No,,,Yes,Music,,None at all,Music,,A little,Once a week,Slightly good,Might or might not,"T-Junction,Campus Green",,Probably yes
4/3/2020 8:21,4/3/2020 8:23,IP Address,101.127.99.230,100,73,TRUE,4/3/2020 8:23,R_2OSJQG61zOij05X,,,,,1.369003296,103.8826904,anonymous,EN,Lee Kong Chian School of Business,Year 1,I prioritise my career over everything,Definitely not,not interested,No interest or no exposure ,No,,,No,,,None at all,Arts don't interest me at all,,None at all,Never,Neither good nor bad,Probably yes,T-Junction,,Definitely not
4/3/2020 20:53,4/3/2020 20:56,IP Address,180.129.16.63,100,173,TRUE,4/3/2020 20:56,R_3HRALAOHISe1VWL,,,,,1.359603882,103.8637085,anonymous,EN,Lee Kong Chian School of Business,Year 4,A little,Definitely yes,ARTS IS FUN,Interesting/Fun,Yes,Visual,,Yes,Performing,,None at all,"Visual,Performing",,A moderate amount,Once a week,Moderately good,Definitely yes,"T-Junction,SMUSA Hub,Connexion",,Probably yes
4/3/2020 20:58,4/3/2020 21:00,IP Address,202.161.55.23,100,88,TRUE,4/3/2020 21:00,R_1P59kB6X2Dvo4P5,,,,,1.292098999,103.8482056,anonymous,EN,Lee Kong Chian School of Business,Year 4,A moderate amount,Probably yes,Fun,Interesting/Fun,Yes,Music,,Yes,Music,,A moderate amount,"Performing,Music",,A little,2-3 times a week,Moderately good,Probably yes,"T-Junction,Campus Green,Drama & Music Lab,Arts & Culture Club",,Probably yes
4/3/2020 21:01,4/3/2020 21:02,IP Address,119.56.108.252,100,90,TRUE,4/3/2020 21:02,R_1Lo5rg1cSEPGkwK,,,,,1.369003296,103.8826904,anonymous,EN,School of Information Systems,Year 4,A moderate amount,Probably yes,Because of my friends,Others,No,,,Yes,Performing,,None at all,"Performing,Music",,None at all,Once a week,Slightly good,Might or might not,"T-Junction,Campus Green,SOE Fishtanks",,Definitely yes
4/3/2020 21:01,4/3/2020 21:04,IP Address,111.65.57.236,100,172,TRUE,4/3/2020 21:04,R_3IQv79dIGreeLrz,,,,,1.36390686,103.8370056,anonymous,EN,School of Law,Year 4,A moderate amount,Definitely yes,Always was in arts cca since primary school ,Since young/CCA,Yes,Performance,,Yes,Performing,,A moderate amount,Performing,,A moderate amount,Once a week,Moderately good,Probably yes,"T-Junction,SMUSA Hub,Campus Green",,Probably yes
4/3/2020 21:09,4/3/2020 21:10,IP Address,111.65.58.48,100,62,TRUE,4/3/2020 21:10,R_ZaFbqbQ2FrpMq8F,,,,,1.32220459,103.842804,anonymous,EN,School of Accountancy,Year 4,A moderate amount,Probably yes,Since childhood,Since young/CCA,No,,,Yes,Music,,A little,"Performing,Music",,A little,Once a week,Slightly good,Probably yes,Drama & Music Lab,,Might or might not
4/3/2020 21:15,4/3/2020 21:16,IP Address,111.65.45.217,100,63,TRUE,4/3/2020 21:17,R_3KvVNsHbXz8vcZv,,,,,1.292892456,103.8547058,anonymous,EN,School of Social Sciences,Year 4,A lot,Probably yes,It’s interesting ,Interesting/Fun,No,,,No,,,A moderate amount,Visual,,A lot,Once a week,Neither good nor bad,Probably not,Campus Green,,Definitely yes
4/3/2020 21:14,4/3/2020 21:16,IP Address,183.90.36.46,100,136,TRUE,4/3/2020 21:18,R_2amcy8vLBxkuCIj,,,,,1.36390686,103.8370056,anonymous,EN,Lee Kong Chian School of Business,Year 4,A moderate amount,Definitely yes,I like expressions of creativity,Form of relaxation/self-expression,Yes,Music,,Yes,Music,,A great deal,"Visual,Performing,Literature,Music",,A moderate amount,Once a week,Moderately good,Probably yes,"T-Junction,Campus Green,Drama & Music Lab,Arts & Culture Club",,Definitely yes
4/3/2020 21:17,4/3/2020 21:20,IP Address,203.211.155.3,100,157,TRUE,4/3/2020 21:35,R_dhhSzATWqhfJC3T,,,,,1.332504272,103.8815918,anonymous,EN,School of Economics,Year 4,A lot,Definitely yes,"Brings a lot of joy and enjoyment to one’s life, also an outlet to express yourself",Form of relaxation/self-expression,Yes,Music,,Yes,Music,,None at all,Performing,,A moderate amount,2-3 times a week,Moderately good,Probably yes,"Drama & Music Lab,Arts & Culture Club",,Probably yes
4/3/2020 21:16,4/3/2020 21:19,IP Address,116.86.86.143,100,168,TRUE,4/3/2020 21:35,R_1hYCZedMg9dZ8E6,,,,,1.292892456,103.8547058,anonymous,EN,Lee Kong Chian School of Business,Year 4,A moderate amount,Probably yes,I find fun in some form of arts,Interesting/Fun,Yes,Performance,,Yes,Performing,,None at all,Music,,A moderate amount,2-3 times a week,Neither good nor bad,Might or might not,Campus Green,,Probably yes
4/3/2020 21:42,4/3/2020 21:45,IP Address,116.89.58.62,100,168,TRUE,4/3/2020 21:45,R_3GqcuoDFEV56yoF,,,,,1.386993408,103.7478943,anonymous,EN,School of Information Systems,Year 4,A little,Probably yes,Expression and diversity of opinions!,Form of relaxation/self-expression,Yes,Performance,,Yes,Performing,,A moderate amount,"Visual,Performing,Music",,A moderate amount,2-3 times a week,Neither good nor bad,Probably yes,"T-Junction,SMUSA Hub,Drama & Music Lab,Arts & Culture Club,Others",De suantio gallery,Probably yes
4/3/2020 21:13,4/3/2020 22:44,IP Address,202.161.35.29,100,5503,TRUE,4/3/2020 22:44,R_RWgFnpN4NgvJlGF,,,,,1.355194092,103.8859863,anonymous,EN,School of Social Sciences,Year 4,A lot,Probably yes,Not exposed enough,No interest or no exposure ,Yes,Performance,,Yes,Others,,A little,"Performing,Music",,A little,2-3 times a week,Moderately bad,Probably yes,Drama & Music Lab,,Might or might not
5/3/2020 1:26,5/3/2020 1:29,IP Address,202.161.55.21,100,197,TRUE,5/3/2020 1:29,R_2zTOTVqHLP7U2xg,,,,,1.292098999,103.8482056,anonymous,EN,School of Accountancy,Year 4,A moderate amount,Probably yes,I have been learning drawing and music since young - have background in arts.,Since young/CCA,Yes,Music,,Yes,Music,,A little,"Visual,Performing,Music",,A moderate amount,2-3 times a week,Slightly good,Might or might not,"T-Junction,Campus Green",,Probably yes
5/3/2020 2:28,5/3/2020 2:30,IP Address,202.161.35.27,100,161,TRUE,5/3/2020 2:30,R_2PzC40bQaTKxwIE,,,,,1.355194092,103.8859863,anonymous,EN,School of Information Systems,Year 3,A moderate amount,Might or might not,It's quite relaxing at times ,Form of relaxation/self-expression,No,,,No,,,A moderate amount,"Visual,Performing,Literature,Music",,A moderate amount,Once a week,Neither good nor bad,Probably not,T-Junction,,Probably yes
5/3/2020 2:31,5/3/2020 2:32,IP Address,103.252.202.158,100,53,TRUE,5/3/2020 2:32,R_0HEDM7pR0wi3lrb,,,,,1.304992676,103.8583984,anonymous,EN,School of Information Systems,Year 3,A moderate amount,Probably yes,Interesting,Interesting/Fun,No,,,No,,,None at all,"Visual,Music",,A moderate amount,2-3 times a week,Moderately good,Probably yes,"T-Junction,Campus Green,Drama & Music Lab,Arts & Culture Club",,Probably yes
5/3/2020 2:43,5/3/2020 2:44,IP Address,202.161.35.27,100,93,TRUE,5/3/2020 2:44,R_2XiFhSwiIIUei1J,,,,,1.355194092,103.8859863,anonymous,EN,School of Economics,Year 3,I prioritise my career over everything,Probably not,doesn't really interest me,No interest or no exposure ,No,,,No,,,A little,Music,,A moderate amount,Never,Neither good nor bad,Might or might not,"Campus Green,Drama & Music Lab",,Might or might not
5/3/2020 2:44,5/3/2020 2:46,IP Address,202.161.35.27,100,116,TRUE,5/3/2020 2:46,R_1IS0jXMvBauHfXN,,,,,1.355194092,103.8859863,anonymous,EN,School of Information Systems,Year 3,A lot,Probably yes,entertainment,Interesting/Fun,Yes,Performance,,No,,,A little,"Visual,Performing",,A moderate amount,Never,Neither good nor bad,Probably not,"T-Junction,Campus Green",,Probably yes
5/3/2020 2:47,5/3/2020 2:48,IP Address,202.161.35.27,100,86,TRUE,5/3/2020 2:48,R_3EXVPp65MBcmjUB,,,,,1.355194092,103.8859863,anonymous,EN,School of Information Systems,Year 4,A lot,Probably yes,its interesting and fun to check out,Interesting/Fun,No,,,Yes,Performing,,A lot,"Visual,Performing,Music",,A lot,Once a week,Moderately good,Probably not,"T-Junction,SMUSA Hub,Campus Green",,Definitely yes
5/3/2020 2:55,5/3/2020 2:57,IP Address,202.161.35.27,100,77,TRUE,5/3/2020 2:57,R_1LYXuV2K95Jo8cE,,,,,1.355194092,103.8859863,anonymous,EN,School of Information Systems,Year 3,A moderate amount,Probably not,No my interest,No interest or no exposure ,No,,,No,,,None at all,Arts don't interest me at all,,A moderate amount,Never,Moderately good,Probably yes,"T-Junction,Campus Green",,Might or might not
5/3/2020 2:46,5/3/2020 2:58,IP Address,122.11.168.82,100,743,TRUE,5/3/2020 2:58,R_3qPBDO8AQHLgk98,,,,,1.292892456,103.8547058,anonymous,EN,School of Economics,Year 3,A lot,Probably not,Not interested,No interest or no exposure ,No,,,No,,,None at all,Arts don't interest me at all,,None at all,2-3 times a week,Neither good nor bad,Might or might not,SOE Fishtanks,,Might or might not
5/3/2020 3:07,5/3/2020 3:09,IP Address,202.161.35.27,100,92,TRUE,5/3/2020 3:09,R_12naVSjom6c2y2q,,,,,1.36390686,103.8370056,anonymous,EN,School of Information Systems,Year 3,A lot,Definitely not,No talent bro... U can't simply force the talent out of you,No talent,No,,,No,,,None at all,"Performing,Music",,A moderate amount,Never,Slightly good,Might or might not,"T-Junction,Campus Green",,Might or might not
